date,event_type,source_note
2007-01-05,nfp,"US Non-Farm Payrolls -- first Friday of month, 08:30 America/New_York (standard release convention)"
2007-01-11,boe_mpc,"BoE Monetary Policy Committee scheduled rate decision -- announced 12:00 noon (2nd day of the meeting), verified against bankofengland.co.uk official press-release PDFs"
2007-01-31,fomc,"FOMC scheduled rate decision -- decision/statement day (2nd day of a 2-day meeting where applicable), 14:15 America/New_York; verified against federalreserve.gov/monetarypolicy/fomchistorical{year}.htm; unscheduled intermeeting conference calls excluded"
2007-02-02,nfp,"US Non-Farm Payrolls -- first Friday of month, 08:30 America/New_York (standard release convention)"
2007-02-08,boe_mpc,"BoE Monetary Policy Committee scheduled rate decision -- announced 12:00 noon (2nd day of the meeting), verified against bankofengland.co.uk official press-release PDFs"
2007-03-02,nfp,"US Non-Farm Payrolls -- first Friday of month, 08:30 America/New_York (standard release convention)"
2007-03-08,boe_mpc,"BoE Monetary Policy Committee scheduled rate decision -- announced 12:00 noon (2nd day of the meeting), verified against bankofengland.co.uk official press-release PDFs"
2007-03-21,fomc,"FOMC scheduled rate decision -- decision/statement day (2nd day of a 2-day meeting where applicable), 14:15 America/New_York; verified against federalreserve.gov/monetarypolicy/fomchistorical{year}.htm; unscheduled intermeeting conference calls excluded"
2007-04-05,boe_mpc,"BoE Monetary Policy Committee scheduled rate decision -- announced 12:00 noon (2nd day of the meeting), verified against bankofengland.co.uk official press-release PDFs"
2007-04-06,nfp,"US Non-Farm Payrolls -- first Friday of month, 08:30 America/New_York (standard release convention)"
2007-05-04,nfp,"US Non-Farm Payrolls -- first Friday of month, 08:30 America/New_York (standard release convention)"
2007-05-09,fomc,"FOMC scheduled rate decision -- decision/statement day (2nd day of a 2-day meeting where applicable), 14:15 America/New_York; verified against federalreserve.gov/monetarypolicy/fomchistorical{year}.htm; unscheduled intermeeting conference calls excluded"
2007-05-10,boe_mpc,"BoE Monetary Policy Committee scheduled rate decision -- announced 12:00 noon (2nd day of the meeting), verified against bankofengland.co.uk official press-release PDFs"
2007-06-01,nfp,"US Non-Farm Payrolls -- first Friday of month, 08:30 America/New_York (standard release convention)"
2007-06-07,boe_mpc,"BoE Monetary Policy Committee scheduled rate decision -- announced 12:00 noon (2nd day of the meeting), verified against bankofengland.co.uk official press-release PDFs"
2007-06-28,fomc,"FOMC scheduled rate decision -- decision/statement day (2nd day of a 2-day meeting where applicable), 14:15 America/New_York; verified against federalreserve.gov/monetarypolicy/fomchistorical{year}.htm; unscheduled intermeeting conference calls excluded"
2007-07-05,boe_mpc,"BoE Monetary Policy Committee scheduled rate decision -- announced 12:00 noon (2nd day of the meeting), verified against bankofengland.co.uk official press-release PDFs"
2007-07-06,nfp,"US Non-Farm Payrolls -- first Friday of month, 08:30 America/New_York (standard release convention)"
2007-08-02,boe_mpc,"BoE Monetary Policy Committee scheduled rate decision -- announced 12:00 noon (2nd day of the meeting), verified against bankofengland.co.uk official press-release PDFs"
2007-08-03,nfp,"US Non-Farm Payrolls -- first Friday of month, 08:30 America/New_York (standard release convention)"
2007-08-07,fomc,"FOMC scheduled rate decision -- decision/statement day (2nd day of a 2-day meeting where applicable), 14:15 America/New_York; verified against federalreserve.gov/monetarypolicy/fomchistorical{year}.htm; unscheduled intermeeting conference calls excluded"
2007-09-06,boe_mpc,"BoE Monetary Policy Committee scheduled rate decision -- announced 12:00 noon (2nd day of the meeting), verified against bankofengland.co.uk official press-release PDFs"
2007-09-07,nfp,"US Non-Farm Payrolls -- first Friday of month, 08:30 America/New_York (standard release convention)"
2007-09-18,fomc,"FOMC scheduled rate decision -- decision/statement day (2nd day of a 2-day meeting where applicable), 14:15 America/New_York; verified against federalreserve.gov/monetarypolicy/fomchistorical{year}.htm; unscheduled intermeeting conference calls excluded"
2007-10-04,boe_mpc,"BoE Monetary Policy Committee scheduled rate decision -- announced 12:00 noon (2nd day of the meeting), verified against bankofengland.co.uk official press-release PDFs"
2007-10-05,nfp,"US Non-Farm Payrolls -- first Friday of month, 08:30 America/New_York (standard release convention)"
2007-10-31,fomc,"FOMC scheduled rate decision -- decision/statement day (2nd day of a 2-day meeting where applicable), 14:15 America/New_York; verified against federalreserve.gov/monetarypolicy/fomchistorical{year}.htm; unscheduled intermeeting conference calls excluded"
2007-11-02,nfp,"US Non-Farm Payrolls -- first Friday of month, 08:30 America/New_York (standard release convention)"
2007-11-08,boe_mpc,"BoE Monetary Policy Committee scheduled rate decision -- announced 12:00 noon (2nd day of the meeting), verified against bankofengland.co.uk official press-release PDFs"
2007-12-06,boe_mpc,"BoE Monetary Policy Committee scheduled rate decision -- announced 12:00 noon (2nd day of the meeting), verified against bankofengland.co.uk official press-release PDFs"
2007-12-07,nfp,"US Non-Farm Payrolls -- first Friday of month, 08:30 America/New_York (standard release convention)"
2007-12-11,fomc,"FOMC scheduled rate decision -- decision/statement day (2nd day of a 2-day meeting where applicable), 14:15 America/New_York; verified against federalreserve.gov/monetarypolicy/fomchistorical{year}.htm; unscheduled intermeeting conference calls excluded"
2008-01-04,nfp,"US Non-Farm Payrolls -- first Friday of month, 08:30 America/New_York (standard release convention)"
2008-01-10,boe_mpc,"BoE Monetary Policy Committee scheduled rate decision -- announced 12:00 noon (2nd day of the meeting), verified against bankofengland.co.uk official press-release PDFs"
2008-01-30,fomc,"FOMC scheduled rate decision -- decision/statement day (2nd day of a 2-day meeting where applicable), 14:15 America/New_York; verified against federalreserve.gov/monetarypolicy/fomchistorical{year}.htm; unscheduled intermeeting conference calls excluded"
2008-02-01,nfp,"US Non-Farm Payrolls -- first Friday of month, 08:30 America/New_York (standard release convention)"
2008-02-07,boe_mpc,"BoE Monetary Policy Committee scheduled rate decision -- announced 12:00 noon (2nd day of the meeting), verified against bankofengland.co.uk official press-release PDFs"
2008-03-06,boe_mpc,"BoE Monetary Policy Committee scheduled rate decision -- announced 12:00 noon (2nd day of the meeting), verified against bankofengland.co.uk official press-release PDFs"
2008-03-07,nfp,"US Non-Farm Payrolls -- first Friday of month, 08:30 America/New_York (standard release convention)"
2008-03-18,fomc,"FOMC scheduled rate decision -- decision/statement day (2nd day of a 2-day meeting where applicable), 14:15 America/New_York; verified against federalreserve.gov/monetarypolicy/fomchistorical{year}.htm; unscheduled intermeeting conference calls excluded"
2008-04-04,nfp,"US Non-Farm Payrolls -- first Friday of month, 08:30 America/New_York (standard release convention)"
2008-04-10,boe_mpc,"BoE Monetary Policy Committee scheduled rate decision -- announced 12:00 noon (2nd day of the meeting), verified against bankofengland.co.uk official press-release PDFs"
2008-04-30,fomc,"FOMC scheduled rate decision -- decision/statement day (2nd day of a 2-day meeting where applicable), 14:15 America/New_York; verified against federalreserve.gov/monetarypolicy/fomchistorical{year}.htm; unscheduled intermeeting conference calls excluded"
2008-05-02,nfp,"US Non-Farm Payrolls -- first Friday of month, 08:30 America/New_York (standard release convention)"
2008-05-08,boe_mpc,"BoE Monetary Policy Committee scheduled rate decision -- announced 12:00 noon (2nd day of the meeting), verified against bankofengland.co.uk official press-release PDFs"
2008-06-05,boe_mpc,"BoE Monetary Policy Committee scheduled rate decision -- announced 12:00 noon (2nd day of the meeting), verified against bankofengland.co.uk official press-release PDFs"
2008-06-06,nfp,"US Non-Farm Payrolls -- first Friday of month, 08:30 America/New_York (standard release convention)"
2008-06-25,fomc,"FOMC scheduled rate decision -- decision/statement day (2nd day of a 2-day meeting where applicable), 14:15 America/New_York; verified against federalreserve.gov/monetarypolicy/fomchistorical{year}.htm; unscheduled intermeeting conference calls excluded"
2008-07-03,nfp,US Non-Farm Payrolls -- shifted from the standard first-Friday date (2008-07-04) because that date is Independence Day; verified against bls.gov/news.release/archives/empsit_07032008.pdf
2008-07-10,boe_mpc,"BoE Monetary Policy Committee scheduled rate decision -- announced 12:00 noon (2nd day of the meeting), verified against bankofengland.co.uk official press-release PDFs"
2008-08-01,nfp,"US Non-Farm Payrolls -- first Friday of month, 08:30 America/New_York (standard release convention)"
2008-08-05,fomc,"FOMC scheduled rate decision -- decision/statement day (2nd day of a 2-day meeting where applicable), 14:15 America/New_York; verified against federalreserve.gov/monetarypolicy/fomchistorical{year}.htm; unscheduled intermeeting conference calls excluded"
2008-08-07,boe_mpc,"BoE Monetary Policy Committee scheduled rate decision -- announced 12:00 noon (2nd day of the meeting), verified against bankofengland.co.uk official press-release PDFs"
2008-09-04,boe_mpc,"BoE Monetary Policy Committee scheduled rate decision -- announced 12:00 noon (2nd day of the meeting), verified against bankofengland.co.uk official press-release PDFs"
2008-09-05,nfp,"US Non-Farm Payrolls -- first Friday of month, 08:30 America/New_York (standard release convention)"
2008-09-16,fomc,"FOMC scheduled rate decision -- decision/statement day (2nd day of a 2-day meeting where applicable), 14:15 America/New_York; verified against federalreserve.gov/monetarypolicy/fomchistorical{year}.htm; unscheduled intermeeting conference calls excluded"
2008-10-03,nfp,"US Non-Farm Payrolls -- first Friday of month, 08:30 America/New_York (standard release convention)"
2008-10-09,boe_mpc,"BoE Monetary Policy Committee scheduled rate decision -- announced 12:00 noon (2nd day of the meeting), verified against bankofengland.co.uk official press-release PDFs"
2008-10-29,fomc,"FOMC scheduled rate decision -- decision/statement day (2nd day of a 2-day meeting where applicable), 14:15 America/New_York; verified against federalreserve.gov/monetarypolicy/fomchistorical{year}.htm; unscheduled intermeeting conference calls excluded"
2008-11-06,boe_mpc,"BoE Monetary Policy Committee scheduled rate decision -- announced 12:00 noon (2nd day of the meeting), verified against bankofengland.co.uk official press-release PDFs"
2008-11-07,nfp,"US Non-Farm Payrolls -- first Friday of month, 08:30 America/New_York (standard release convention)"
2008-12-04,boe_mpc,"BoE Monetary Policy Committee scheduled rate decision -- announced 12:00 noon (2nd day of the meeting), verified against bankofengland.co.uk official press-release PDFs"
2008-12-05,nfp,"US Non-Farm Payrolls -- first Friday of month, 08:30 America/New_York (standard release convention)"
2008-12-16,fomc,"FOMC scheduled rate decision -- decision/statement day (2nd day of a 2-day meeting where applicable), 14:15 America/New_York; verified against federalreserve.gov/monetarypolicy/fomchistorical{year}.htm; unscheduled intermeeting conference calls excluded"
2009-01-02,nfp,"US Non-Farm Payrolls -- first Friday of month, 08:30 America/New_York (standard release convention)"
2009-01-08,boe_mpc,"BoE Monetary Policy Committee scheduled rate decision -- announced 12:00 noon (2nd day of the meeting), verified against bankofengland.co.uk official press-release PDFs"
2009-01-28,fomc,"FOMC scheduled rate decision -- decision/statement day (2nd day of a 2-day meeting where applicable), 14:15 America/New_York; verified against federalreserve.gov/monetarypolicy/fomchistorical{year}.htm; unscheduled intermeeting conference calls excluded"
2009-02-05,boe_mpc,"BoE Monetary Policy Committee scheduled rate decision -- announced 12:00 noon (2nd day of the meeting), verified against bankofengland.co.uk official press-release PDFs"
2009-02-06,nfp,"US Non-Farm Payrolls -- first Friday of month, 08:30 America/New_York (standard release convention)"
2009-03-05,boe_mpc,"BoE Monetary Policy Committee scheduled rate decision -- announced 12:00 noon (2nd day of the meeting), verified against bankofengland.co.uk official press-release PDFs"
2009-03-06,nfp,"US Non-Farm Payrolls -- first Friday of month, 08:30 America/New_York (standard release convention)"
2009-03-18,fomc,"FOMC scheduled rate decision -- decision/statement day (2nd day of a 2-day meeting where applicable), 14:15 America/New_York; verified against federalreserve.gov/monetarypolicy/fomchistorical{year}.htm; unscheduled intermeeting conference calls excluded"
2009-04-03,nfp,"US Non-Farm Payrolls -- first Friday of month, 08:30 America/New_York (standard release convention)"
2009-04-09,boe_mpc,"BoE Monetary Policy Committee scheduled rate decision -- announced 12:00 noon (2nd day of the meeting), verified against bankofengland.co.uk official press-release PDFs"
2009-04-29,fomc,"FOMC scheduled rate decision -- decision/statement day (2nd day of a 2-day meeting where applicable), 14:15 America/New_York; verified against federalreserve.gov/monetarypolicy/fomchistorical{year}.htm; unscheduled intermeeting conference calls excluded"
2009-05-01,nfp,"US Non-Farm Payrolls -- first Friday of month, 08:30 America/New_York (standard release convention)"
2009-05-07,boe_mpc,"BoE Monetary Policy Committee scheduled rate decision -- announced 12:00 noon (2nd day of the meeting), verified against bankofengland.co.uk official press-release PDFs"
2009-06-04,boe_mpc,"BoE Monetary Policy Committee scheduled rate decision -- announced 12:00 noon (2nd day of the meeting), verified against bankofengland.co.uk official press-release PDFs"
2009-06-05,nfp,"US Non-Farm Payrolls -- first Friday of month, 08:30 America/New_York (standard release convention)"
2009-06-24,fomc,"FOMC scheduled rate decision -- decision/statement day (2nd day of a 2-day meeting where applicable), 14:15 America/New_York; verified against federalreserve.gov/monetarypolicy/fomchistorical{year}.htm; unscheduled intermeeting conference calls excluded"
2009-07-03,nfp,"US Non-Farm Payrolls -- first Friday of month, 08:30 America/New_York (standard release convention)"
2009-07-09,boe_mpc,"BoE Monetary Policy Committee scheduled rate decision -- announced 12:00 noon (2nd day of the meeting), verified against bankofengland.co.uk official press-release PDFs"
2009-08-06,boe_mpc,"BoE Monetary Policy Committee scheduled rate decision -- announced 12:00 noon (2nd day of the meeting), verified against bankofengland.co.uk official press-release PDFs"
2009-08-07,nfp,"US Non-Farm Payrolls -- first Friday of month, 08:30 America/New_York (standard release convention)"
2009-08-12,fomc,"FOMC scheduled rate decision -- decision/statement day (2nd day of a 2-day meeting where applicable), 14:15 America/New_York; verified against federalreserve.gov/monetarypolicy/fomchistorical{year}.htm; unscheduled intermeeting conference calls excluded"
2009-09-04,nfp,"US Non-Farm Payrolls -- first Friday of month, 08:30 America/New_York (standard release convention)"
2009-09-10,boe_mpc,"BoE Monetary Policy Committee scheduled rate decision -- announced 12:00 noon (2nd day of the meeting), verified against bankofengland.co.uk official press-release PDFs"
2009-09-23,fomc,"FOMC scheduled rate decision -- decision/statement day (2nd day of a 2-day meeting where applicable), 14:15 America/New_York; verified against federalreserve.gov/monetarypolicy/fomchistorical{year}.htm; unscheduled intermeeting conference calls excluded"
2009-10-02,nfp,"US Non-Farm Payrolls -- first Friday of month, 08:30 America/New_York (standard release convention)"
2009-10-08,boe_mpc,"BoE Monetary Policy Committee scheduled rate decision -- announced 12:00 noon (2nd day of the meeting), verified against bankofengland.co.uk official press-release PDFs"
2009-11-04,fomc,"FOMC scheduled rate decision -- decision/statement day (2nd day of a 2-day meeting where applicable), 14:15 America/New_York; verified against federalreserve.gov/monetarypolicy/fomchistorical{year}.htm; unscheduled intermeeting conference calls excluded"
2009-11-05,boe_mpc,"BoE Monetary Policy Committee scheduled rate decision -- announced 12:00 noon (2nd day of the meeting), verified against bankofengland.co.uk official press-release PDFs"
2009-11-06,nfp,"US Non-Farm Payrolls -- first Friday of month, 08:30 America/New_York (standard release convention)"
2009-12-04,nfp,"US Non-Farm Payrolls -- first Friday of month, 08:30 America/New_York (standard release convention)"
2009-12-10,boe_mpc,"BoE Monetary Policy Committee scheduled rate decision -- announced 12:00 noon (2nd day of the meeting), verified against bankofengland.co.uk official press-release PDFs"
2009-12-16,fomc,"FOMC scheduled rate decision -- decision/statement day (2nd day of a 2-day meeting where applicable), 14:15 America/New_York; verified against federalreserve.gov/monetarypolicy/fomchistorical{year}.htm; unscheduled intermeeting conference calls excluded"
2010-01-07,boe_mpc,"BoE Monetary Policy Committee scheduled rate decision -- announced 12:00 noon (2nd day of the meeting), verified against bankofengland.co.uk official press-release PDFs"
2010-01-08,nfp,US Non-Farm Payrolls -- shifted from the standard first-Friday date (2010-01-01) because that date is New Year's Day; verified against bls.gov (Dec 2009 data released 2010-01-08)
2010-01-27,fomc,"FOMC scheduled rate decision -- decision/statement day (2nd day of a 2-day meeting where applicable), 14:15 America/New_York; verified against federalreserve.gov/monetarypolicy/fomchistorical{year}.htm; unscheduled intermeeting conference calls excluded"
2010-02-04,boe_mpc,"BoE Monetary Policy Committee scheduled rate decision -- announced 12:00 noon (2nd day of the meeting), verified against bankofengland.co.uk official press-release PDFs"
2010-02-05,nfp,"US Non-Farm Payrolls -- first Friday of month, 08:30 America/New_York (standard release convention)"
2010-03-04,boe_mpc,"BoE Monetary Policy Committee scheduled rate decision -- announced 12:00 noon (2nd day of the meeting), verified against bankofengland.co.uk official press-release PDFs"
2010-03-05,nfp,"US Non-Farm Payrolls -- first Friday of month, 08:30 America/New_York (standard release convention)"
2010-03-16,fomc,"FOMC scheduled rate decision -- decision/statement day (2nd day of a 2-day meeting where applicable), 14:15 America/New_York; verified against federalreserve.gov/monetarypolicy/fomchistorical{year}.htm; unscheduled intermeeting conference calls excluded"
2010-04-02,nfp,"US Non-Farm Payrolls -- first Friday of month, 08:30 America/New_York (standard release convention)"
2010-04-08,boe_mpc,"BoE Monetary Policy Committee scheduled rate decision -- announced 12:00 noon (2nd day of the meeting), verified against bankofengland.co.uk official press-release PDFs"
2010-04-28,fomc,"FOMC scheduled rate decision -- decision/statement day (2nd day of a 2-day meeting where applicable), 14:15 America/New_York; verified against federalreserve.gov/monetarypolicy/fomchistorical{year}.htm; unscheduled intermeeting conference calls excluded"
2010-05-06,boe_mpc,"BoE Monetary Policy Committee scheduled rate decision -- announced 12:00 noon (2nd day of the meeting), verified against bankofengland.co.uk official press-release PDFs"
2010-05-07,nfp,"US Non-Farm Payrolls -- first Friday of month, 08:30 America/New_York (standard release convention)"
2010-06-04,nfp,"US Non-Farm Payrolls -- first Friday of month, 08:30 America/New_York (standard release convention)"
2010-06-10,boe_mpc,"BoE Monetary Policy Committee scheduled rate decision -- announced 12:00 noon (2nd day of the meeting), verified against bankofengland.co.uk official press-release PDFs"
2010-06-23,fomc,"FOMC scheduled rate decision -- decision/statement day (2nd day of a 2-day meeting where applicable), 14:15 America/New_York; verified against federalreserve.gov/monetarypolicy/fomchistorical{year}.htm; unscheduled intermeeting conference calls excluded"
2010-07-02,nfp,"US Non-Farm Payrolls -- first Friday of month, 08:30 America/New_York (standard release convention)"
2010-07-08,boe_mpc,"BoE Monetary Policy Committee scheduled rate decision -- announced 12:00 noon (2nd day of the meeting), verified against bankofengland.co.uk official press-release PDFs"
2010-08-05,boe_mpc,"BoE Monetary Policy Committee scheduled rate decision -- announced 12:00 noon (2nd day of the meeting), verified against bankofengland.co.uk official press-release PDFs"
2010-08-06,nfp,"US Non-Farm Payrolls -- first Friday of month, 08:30 America/New_York (standard release convention)"
2010-08-10,fomc,"FOMC scheduled rate decision -- decision/statement day (2nd day of a 2-day meeting where applicable), 14:15 America/New_York; verified against federalreserve.gov/monetarypolicy/fomchistorical{year}.htm; unscheduled intermeeting conference calls excluded"
2010-09-03,nfp,"US Non-Farm Payrolls -- first Friday of month, 08:30 America/New_York (standard release convention)"
2010-09-09,boe_mpc,"BoE Monetary Policy Committee scheduled rate decision -- announced 12:00 noon (2nd day of the meeting), verified against bankofengland.co.uk official press-release PDFs"
2010-09-21,fomc,"FOMC scheduled rate decision -- decision/statement day (2nd day of a 2-day meeting where applicable), 14:15 America/New_York; verified against federalreserve.gov/monetarypolicy/fomchistorical{year}.htm; unscheduled intermeeting conference calls excluded"
2010-10-01,nfp,"US Non-Farm Payrolls -- first Friday of month, 08:30 America/New_York (standard release convention)"
2010-10-07,boe_mpc,"BoE Monetary Policy Committee scheduled rate decision -- announced 12:00 noon (2nd day of the meeting), verified against bankofengland.co.uk official press-release PDFs"
2010-11-03,fomc,"FOMC scheduled rate decision -- decision/statement day (2nd day of a 2-day meeting where applicable), 14:15 America/New_York; verified against federalreserve.gov/monetarypolicy/fomchistorical{year}.htm; unscheduled intermeeting conference calls excluded"
2010-11-04,boe_mpc,"BoE Monetary Policy Committee scheduled rate decision -- announced 12:00 noon (2nd day of the meeting), verified against bankofengland.co.uk official press-release PDFs"
2010-11-05,nfp,"US Non-Farm Payrolls -- first Friday of month, 08:30 America/New_York (standard release convention)"
2010-12-03,nfp,"US Non-Farm Payrolls -- first Friday of month, 08:30 America/New_York (standard release convention)"
2010-12-09,boe_mpc,"BoE Monetary Policy Committee scheduled rate decision -- announced 12:00 noon (2nd day of the meeting), verified against bankofengland.co.uk official press-release PDFs"
2010-12-14,fomc,"FOMC scheduled rate decision -- decision/statement day (2nd day of a 2-day meeting where applicable), 14:15 America/New_York; verified against federalreserve.gov/monetarypolicy/fomchistorical{year}.htm; unscheduled intermeeting conference calls excluded"
2011-01-07,nfp,"US Non-Farm Payrolls -- first Friday of month, 08:30 America/New_York (standard release convention)"
2011-01-13,boe_mpc,"BoE Monetary Policy Committee scheduled rate decision -- announced 12:00 noon (2nd day of the meeting), verified against bankofengland.co.uk official press-release PDFs"
2011-01-26,fomc,"FOMC scheduled rate decision -- decision/statement day (2nd day of a 2-day meeting where applicable), 14:15 America/New_York; verified against federalreserve.gov/monetarypolicy/fomchistorical{year}.htm; unscheduled intermeeting conference calls excluded"
2011-02-04,nfp,"US Non-Farm Payrolls -- first Friday of month, 08:30 America/New_York (standard release convention)"
2011-02-10,boe_mpc,"BoE Monetary Policy Committee scheduled rate decision -- announced 12:00 noon (2nd day of the meeting), verified against bankofengland.co.uk official press-release PDFs"
2011-03-04,nfp,"US Non-Farm Payrolls -- first Friday of month, 08:30 America/New_York (standard release convention)"
2011-03-10,boe_mpc,"BoE Monetary Policy Committee scheduled rate decision -- announced 12:00 noon (2nd day of the meeting), verified against bankofengland.co.uk official press-release PDFs"
2011-03-15,fomc,"FOMC scheduled rate decision -- decision/statement day (2nd day of a 2-day meeting where applicable), 14:15 America/New_York; verified against federalreserve.gov/monetarypolicy/fomchistorical{year}.htm; unscheduled intermeeting conference calls excluded"
2011-04-01,nfp,"US Non-Farm Payrolls -- first Friday of month, 08:30 America/New_York (standard release convention)"
2011-04-07,boe_mpc,"BoE Monetary Policy Committee scheduled rate decision -- announced 12:00 noon (2nd day of the meeting), verified against bankofengland.co.uk official press-release PDFs"
2011-04-27,fomc,"FOMC scheduled rate decision -- decision/statement day (2nd day of a 2-day meeting where applicable), 14:15 America/New_York; verified against federalreserve.gov/monetarypolicy/fomchistorical{year}.htm; unscheduled intermeeting conference calls excluded"
2011-05-05,boe_mpc,"BoE Monetary Policy Committee scheduled rate decision -- announced 12:00 noon (2nd day of the meeting), verified against bankofengland.co.uk official press-release PDFs"
2011-05-06,nfp,"US Non-Farm Payrolls -- first Friday of month, 08:30 America/New_York (standard release convention)"
2011-06-03,nfp,"US Non-Farm Payrolls -- first Friday of month, 08:30 America/New_York (standard release convention)"
2011-06-09,boe_mpc,"BoE Monetary Policy Committee scheduled rate decision -- announced 12:00 noon (2nd day of the meeting), verified against bankofengland.co.uk official press-release PDFs"
2011-06-22,fomc,"FOMC scheduled rate decision -- decision/statement day (2nd day of a 2-day meeting where applicable), 14:15 America/New_York; verified against federalreserve.gov/monetarypolicy/fomchistorical{year}.htm; unscheduled intermeeting conference calls excluded"
2011-07-01,nfp,"US Non-Farm Payrolls -- first Friday of month, 08:30 America/New_York (standard release convention)"
2011-07-07,boe_mpc,"BoE Monetary Policy Committee scheduled rate decision -- announced 12:00 noon (2nd day of the meeting), verified against bankofengland.co.uk official press-release PDFs"
2011-08-04,boe_mpc,"BoE Monetary Policy Committee scheduled rate decision -- announced 12:00 noon (2nd day of the meeting), verified against bankofengland.co.uk official press-release PDFs"
2011-08-05,nfp,"US Non-Farm Payrolls -- first Friday of month, 08:30 America/New_York (standard release convention)"
2011-08-09,fomc,"FOMC scheduled rate decision -- decision/statement day (2nd day of a 2-day meeting where applicable), 14:15 America/New_York; verified against federalreserve.gov/monetarypolicy/fomchistorical{year}.htm; unscheduled intermeeting conference calls excluded"
2011-09-02,nfp,"US Non-Farm Payrolls -- first Friday of month, 08:30 America/New_York (standard release convention)"
2011-09-08,boe_mpc,"BoE Monetary Policy Committee scheduled rate decision -- announced 12:00 noon (2nd day of the meeting), verified against bankofengland.co.uk official press-release PDFs"
2011-09-21,fomc,"FOMC scheduled rate decision -- decision/statement day (2nd day of a 2-day meeting where applicable), 14:15 America/New_York; verified against federalreserve.gov/monetarypolicy/fomchistorical{year}.htm; unscheduled intermeeting conference calls excluded"
2011-10-06,boe_mpc,"BoE Monetary Policy Committee scheduled rate decision -- announced 12:00 noon (2nd day of the meeting), verified against bankofengland.co.uk official press-release PDFs"
2011-10-07,nfp,"US Non-Farm Payrolls -- first Friday of month, 08:30 America/New_York (standard release convention)"
2011-11-02,fomc,"FOMC scheduled rate decision -- decision/statement day (2nd day of a 2-day meeting where applicable), 14:15 America/New_York; verified against federalreserve.gov/monetarypolicy/fomchistorical{year}.htm; unscheduled intermeeting conference calls excluded"
2011-11-04,nfp,"US Non-Farm Payrolls -- first Friday of month, 08:30 America/New_York (standard release convention)"
2011-11-10,boe_mpc,"BoE Monetary Policy Committee scheduled rate decision -- announced 12:00 noon (2nd day of the meeting), verified against bankofengland.co.uk official press-release PDFs"
2011-12-02,nfp,"US Non-Farm Payrolls -- first Friday of month, 08:30 America/New_York (standard release convention)"
2011-12-08,boe_mpc,"BoE Monetary Policy Committee scheduled rate decision -- announced 12:00 noon (2nd day of the meeting), verified against bankofengland.co.uk official press-release PDFs"
2011-12-13,fomc,"FOMC scheduled rate decision -- decision/statement day (2nd day of a 2-day meeting where applicable), 14:15 America/New_York; verified against federalreserve.gov/monetarypolicy/fomchistorical{year}.htm; unscheduled intermeeting conference calls excluded"
2012-01-06,nfp,"US Non-Farm Payrolls -- first Friday of month, 08:30 America/New_York (standard release convention)"
2012-01-12,boe_mpc,"BoE Monetary Policy Committee scheduled rate decision -- announced 12:00 noon (2nd day of the meeting), verified against bankofengland.co.uk official press-release PDFs"
2012-01-25,fomc,"FOMC scheduled rate decision -- decision/statement day (2nd day of a 2-day meeting where applicable), 14:15 America/New_York; verified against federalreserve.gov/monetarypolicy/fomchistorical{year}.htm; unscheduled intermeeting conference calls excluded"
2012-02-03,nfp,"US Non-Farm Payrolls -- first Friday of month, 08:30 America/New_York (standard release convention)"
2012-02-09,boe_mpc,"BoE Monetary Policy Committee scheduled rate decision -- announced 12:00 noon (2nd day of the meeting), verified against bankofengland.co.uk official press-release PDFs"
2012-03-02,nfp,"US Non-Farm Payrolls -- first Friday of month, 08:30 America/New_York (standard release convention)"
2012-03-08,boe_mpc,"BoE Monetary Policy Committee scheduled rate decision -- announced 12:00 noon (2nd day of the meeting), verified against bankofengland.co.uk official press-release PDFs"
2012-03-13,fomc,"FOMC scheduled rate decision -- decision/statement day (2nd day of a 2-day meeting where applicable), 14:15 America/New_York; verified against federalreserve.gov/monetarypolicy/fomchistorical{year}.htm; unscheduled intermeeting conference calls excluded"
2012-04-05,boe_mpc,"BoE Monetary Policy Committee scheduled rate decision -- announced 12:00 noon (2nd day of the meeting), verified against bankofengland.co.uk official press-release PDFs"
2012-04-06,nfp,"US Non-Farm Payrolls -- first Friday of month, 08:30 America/New_York (standard release convention)"
2012-04-25,fomc,"FOMC scheduled rate decision -- decision/statement day (2nd day of a 2-day meeting where applicable), 14:15 America/New_York; verified against federalreserve.gov/monetarypolicy/fomchistorical{year}.htm; unscheduled intermeeting conference calls excluded"
2012-05-04,nfp,"US Non-Farm Payrolls -- first Friday of month, 08:30 America/New_York (standard release convention)"
2012-05-10,boe_mpc,"BoE Monetary Policy Committee scheduled rate decision -- announced 12:00 noon (2nd day of the meeting), verified against bankofengland.co.uk official press-release PDFs"
2012-06-01,nfp,"US Non-Farm Payrolls -- first Friday of month, 08:30 America/New_York (standard release convention)"
2012-06-07,boe_mpc,"BoE Monetary Policy Committee scheduled rate decision -- announced 12:00 noon (2nd day of the meeting), verified against bankofengland.co.uk official press-release PDFs"
2012-06-20,fomc,"FOMC scheduled rate decision -- decision/statement day (2nd day of a 2-day meeting where applicable), 14:15 America/New_York; verified against federalreserve.gov/monetarypolicy/fomchistorical{year}.htm; unscheduled intermeeting conference calls excluded"
2012-07-05,boe_mpc,"BoE Monetary Policy Committee scheduled rate decision -- announced 12:00 noon (2nd day of the meeting), verified against bankofengland.co.uk official press-release PDFs"
2012-07-06,nfp,"US Non-Farm Payrolls -- first Friday of month, 08:30 America/New_York (standard release convention)"
2012-08-01,fomc,"FOMC scheduled rate decision -- decision/statement day (2nd day of a 2-day meeting where applicable), 14:15 America/New_York; verified against federalreserve.gov/monetarypolicy/fomchistorical{year}.htm; unscheduled intermeeting conference calls excluded"
2012-08-02,boe_mpc,"BoE Monetary Policy Committee scheduled rate decision -- announced 12:00 noon (2nd day of the meeting), verified against bankofengland.co.uk official press-release PDFs"
2012-08-03,nfp,"US Non-Farm Payrolls -- first Friday of month, 08:30 America/New_York (standard release convention)"
2012-09-06,boe_mpc,"BoE Monetary Policy Committee scheduled rate decision -- announced 12:00 noon (2nd day of the meeting), verified against bankofengland.co.uk official press-release PDFs"
2012-09-07,nfp,"US Non-Farm Payrolls -- first Friday of month, 08:30 America/New_York (standard release convention)"
2012-09-13,fomc,"FOMC scheduled rate decision -- decision/statement day (2nd day of a 2-day meeting where applicable), 14:15 America/New_York; verified against federalreserve.gov/monetarypolicy/fomchistorical{year}.htm; unscheduled intermeeting conference calls excluded"
2012-10-04,boe_mpc,"BoE Monetary Policy Committee scheduled rate decision -- announced 12:00 noon (2nd day of the meeting), verified against bankofengland.co.uk official press-release PDFs"
2012-10-05,nfp,"US Non-Farm Payrolls -- first Friday of month, 08:30 America/New_York (standard release convention)"
2012-10-24,fomc,"FOMC scheduled rate decision -- decision/statement day (2nd day of a 2-day meeting where applicable), 14:15 America/New_York; verified against federalreserve.gov/monetarypolicy/fomchistorical{year}.htm; unscheduled intermeeting conference calls excluded"
2012-11-02,nfp,"US Non-Farm Payrolls -- first Friday of month, 08:30 America/New_York (standard release convention)"
2012-11-08,boe_mpc,"BoE Monetary Policy Committee scheduled rate decision -- announced 12:00 noon (2nd day of the meeting), verified against bankofengland.co.uk official press-release PDFs"
2012-12-06,boe_mpc,"BoE Monetary Policy Committee scheduled rate decision -- announced 12:00 noon (2nd day of the meeting), verified against bankofengland.co.uk official press-release PDFs"
2012-12-07,nfp,"US Non-Farm Payrolls -- first Friday of month, 08:30 America/New_York (standard release convention)"
2012-12-12,fomc,"FOMC scheduled rate decision -- decision/statement day (2nd day of a 2-day meeting where applicable), 14:15 America/New_York; verified against federalreserve.gov/monetarypolicy/fomchistorical{year}.htm; unscheduled intermeeting conference calls excluded"
2013-01-04,nfp,"US Non-Farm Payrolls -- first Friday of month, 08:30 America/New_York (standard release convention)"
2013-01-10,boe_mpc,"BoE Monetary Policy Committee scheduled rate decision -- announced 12:00 noon (2nd day of the meeting), verified against bankofengland.co.uk official press-release PDFs"
2013-01-30,fomc,"FOMC scheduled rate decision -- decision/statement day (2nd day of a 2-day meeting where applicable), 14:15 America/New_York; verified against federalreserve.gov/monetarypolicy/fomchistorical{year}.htm; unscheduled intermeeting conference calls excluded"
2013-02-01,nfp,"US Non-Farm Payrolls -- first Friday of month, 08:30 America/New_York (standard release convention)"
2013-02-07,boe_mpc,"BoE Monetary Policy Committee scheduled rate decision -- announced 12:00 noon (2nd day of the meeting), verified against bankofengland.co.uk official press-release PDFs"
2013-03-01,nfp,"US Non-Farm Payrolls -- first Friday of month, 08:30 America/New_York (standard release convention)"
2013-03-07,boe_mpc,"BoE Monetary Policy Committee scheduled rate decision -- announced 12:00 noon (2nd day of the meeting), verified against bankofengland.co.uk official press-release PDFs"
2013-03-20,fomc,"FOMC scheduled rate decision -- decision/statement day (2nd day of a 2-day meeting where applicable), 14:15 America/New_York; verified against federalreserve.gov/monetarypolicy/fomchistorical{year}.htm; unscheduled intermeeting conference calls excluded"
2013-04-04,boe_mpc,"BoE Monetary Policy Committee scheduled rate decision -- announced 12:00 noon (2nd day of the meeting), verified against bankofengland.co.uk official press-release PDFs"
2013-04-05,nfp,"US Non-Farm Payrolls -- first Friday of month, 08:30 America/New_York (standard release convention)"
2013-05-01,fomc,"FOMC scheduled rate decision -- decision/statement day (2nd day of a 2-day meeting where applicable), 14:15 America/New_York; verified against federalreserve.gov/monetarypolicy/fomchistorical{year}.htm; unscheduled intermeeting conference calls excluded"
2013-05-03,nfp,"US Non-Farm Payrolls -- first Friday of month, 08:30 America/New_York (standard release convention)"
2013-05-09,boe_mpc,"BoE Monetary Policy Committee scheduled rate decision -- announced 12:00 noon (2nd day of the meeting), verified against bankofengland.co.uk official press-release PDFs"
2013-06-06,boe_mpc,"BoE Monetary Policy Committee scheduled rate decision -- announced 12:00 noon (2nd day of the meeting), verified against bankofengland.co.uk official press-release PDFs"
2013-06-07,nfp,"US Non-Farm Payrolls -- first Friday of month, 08:30 America/New_York (standard release convention)"
2013-06-19,fomc,"FOMC scheduled rate decision -- decision/statement day (2nd day of a 2-day meeting where applicable), 14:15 America/New_York; verified against federalreserve.gov/monetarypolicy/fomchistorical{year}.htm; unscheduled intermeeting conference calls excluded"
2013-07-04,boe_mpc,"BoE Monetary Policy Committee scheduled rate decision -- announced 12:00 noon (2nd day of the meeting), verified against bankofengland.co.uk official press-release PDFs"
2013-07-05,nfp,"US Non-Farm Payrolls -- first Friday of month, 08:30 America/New_York (standard release convention)"
2013-07-31,fomc,"FOMC scheduled rate decision -- decision/statement day (2nd day of a 2-day meeting where applicable), 14:15 America/New_York; verified against federalreserve.gov/monetarypolicy/fomchistorical{year}.htm; unscheduled intermeeting conference calls excluded"
2013-08-02,nfp,"US Non-Farm Payrolls -- first Friday of month, 08:30 America/New_York (standard release convention)"
2013-09-01,boe_mpc,"BoE Monetary Policy Committee scheduled rate decision -- announced 12:00 noon (2nd day of the meeting), verified against bankofengland.co.uk official press-release PDFs"
2013-09-05,boe_mpc,"BoE Monetary Policy Committee scheduled rate decision -- announced 12:00 noon (2nd day of the meeting), verified against bankofengland.co.uk official press-release PDFs"
2013-09-06,nfp,"US Non-Farm Payrolls -- first Friday of month, 08:30 America/New_York (standard release convention)"
2013-09-18,fomc,"FOMC scheduled rate decision -- decision/statement day (2nd day of a 2-day meeting where applicable), 14:15 America/New_York; verified against federalreserve.gov/monetarypolicy/fomchistorical{year}.htm; unscheduled intermeeting conference calls excluded"
2013-10-10,boe_mpc,"BoE Monetary Policy Committee scheduled rate decision -- announced 12:00 noon (2nd day of the meeting), verified against bankofengland.co.uk official press-release PDFs"
2013-10-22,nfp,"US Non-Farm Payrolls -- delayed by the Oct 2013 government shutdown (verified bls.gov/bls/news-release/empsit.htm), not the standard first-Friday date"
2013-10-30,fomc,"FOMC scheduled rate decision -- decision/statement day (2nd day of a 2-day meeting where applicable), 14:15 America/New_York; verified against federalreserve.gov/monetarypolicy/fomchistorical{year}.htm; unscheduled intermeeting conference calls excluded"
2013-11-07,boe_mpc,"BoE Monetary Policy Committee scheduled rate decision -- announced 12:00 noon (2nd day of the meeting), verified against bankofengland.co.uk official press-release PDFs"
2013-11-08,nfp,"US Non-Farm Payrolls -- delayed by the Oct 2013 government shutdown (verified bls.gov/bls/news-release/empsit.htm), not the standard first-Friday date"
2013-12-05,boe_mpc,"BoE Monetary Policy Committee scheduled rate decision -- announced 12:00 noon (2nd day of the meeting), verified against bankofengland.co.uk official press-release PDFs"
2013-12-06,nfp,"US Non-Farm Payrolls -- first Friday of month, 08:30 America/New_York (standard release convention)"
2013-12-18,fomc,"FOMC scheduled rate decision -- decision/statement day (2nd day of a 2-day meeting where applicable), 14:15 America/New_York; verified against federalreserve.gov/monetarypolicy/fomchistorical{year}.htm; unscheduled intermeeting conference calls excluded"
2014-01-03,nfp,"US Non-Farm Payrolls -- first Friday of month, 08:30 America/New_York (standard release convention)"
2014-01-09,boe_mpc,"BoE Monetary Policy Committee scheduled rate decision -- announced 12:00 noon (2nd day of the meeting), verified against bankofengland.co.uk official press-release PDFs"
2014-01-29,fomc,"FOMC scheduled rate decision -- decision/statement day (2nd day of a 2-day meeting where applicable), 14:15 America/New_York; verified against federalreserve.gov/monetarypolicy/fomchistorical{year}.htm; unscheduled intermeeting conference calls excluded"
2014-02-06,boe_mpc,"BoE Monetary Policy Committee scheduled rate decision -- announced 12:00 noon (2nd day of the meeting), verified against bankofengland.co.uk official press-release PDFs"
2014-02-07,nfp,"US Non-Farm Payrolls -- first Friday of month, 08:30 America/New_York (standard release convention)"
2014-03-06,boe_mpc,"BoE Monetary Policy Committee scheduled rate decision -- announced 12:00 noon (2nd day of the meeting), verified against bankofengland.co.uk official press-release PDFs"
2014-03-07,nfp,"US Non-Farm Payrolls -- first Friday of month, 08:30 America/New_York (standard release convention)"
2014-03-19,fomc,"FOMC scheduled rate decision -- decision/statement day (2nd day of a 2-day meeting where applicable), 14:15 America/New_York; verified against federalreserve.gov/monetarypolicy/fomchistorical{year}.htm; unscheduled intermeeting conference calls excluded"
2014-04-04,nfp,"US Non-Farm Payrolls -- first Friday of month, 08:30 America/New_York (standard release convention)"
2014-04-10,boe_mpc,"BoE Monetary Policy Committee scheduled rate decision -- announced 12:00 noon (2nd day of the meeting), verified against bankofengland.co.uk official press-release PDFs"
2014-04-30,fomc,"FOMC scheduled rate decision -- decision/statement day (2nd day of a 2-day meeting where applicable), 14:15 America/New_York; verified against federalreserve.gov/monetarypolicy/fomchistorical{year}.htm; unscheduled intermeeting conference calls excluded"
2014-05-02,nfp,"US Non-Farm Payrolls -- first Friday of month, 08:30 America/New_York (standard release convention)"
2014-05-08,boe_mpc,"BoE Monetary Policy Committee scheduled rate decision -- announced 12:00 noon (2nd day of the meeting), verified against bankofengland.co.uk official press-release PDFs"
2014-06-05,boe_mpc,"BoE Monetary Policy Committee scheduled rate decision -- announced 12:00 noon (2nd day of the meeting), verified against bankofengland.co.uk official press-release PDFs"
2014-06-06,nfp,"US Non-Farm Payrolls -- first Friday of month, 08:30 America/New_York (standard release convention)"
2014-06-18,fomc,"FOMC scheduled rate decision -- decision/statement day (2nd day of a 2-day meeting where applicable), 14:15 America/New_York; verified against federalreserve.gov/monetarypolicy/fomchistorical{year}.htm; unscheduled intermeeting conference calls excluded"
2014-07-03,nfp,US Non-Farm Payrolls -- shifted from the standard first-Friday date (2014-07-04) because that date is Independence Day; verified against bls.gov/news.release/archives/empsit_07032014.pdf
2014-07-10,boe_mpc,"BoE Monetary Policy Committee scheduled rate decision -- announced 12:00 noon (2nd day of the meeting), verified against bankofengland.co.uk official press-release PDFs"
2014-07-30,fomc,"FOMC scheduled rate decision -- decision/statement day (2nd day of a 2-day meeting where applicable), 14:15 America/New_York; verified against federalreserve.gov/monetarypolicy/fomchistorical{year}.htm; unscheduled intermeeting conference calls excluded"
2014-08-01,nfp,"US Non-Farm Payrolls -- first Friday of month, 08:30 America/New_York (standard release convention)"
2014-08-07,boe_mpc,"BoE Monetary Policy Committee scheduled rate decision -- announced 12:00 noon (2nd day of the meeting), verified against bankofengland.co.uk official press-release PDFs"
2014-09-04,boe_mpc,"BoE Monetary Policy Committee scheduled rate decision -- announced 12:00 noon (2nd day of the meeting), verified against bankofengland.co.uk official press-release PDFs"
2014-09-05,nfp,"US Non-Farm Payrolls -- first Friday of month, 08:30 America/New_York (standard release convention)"
2014-09-17,fomc,"FOMC scheduled rate decision -- decision/statement day (2nd day of a 2-day meeting where applicable), 14:15 America/New_York; verified against federalreserve.gov/monetarypolicy/fomchistorical{year}.htm; unscheduled intermeeting conference calls excluded"
2014-10-03,nfp,"US Non-Farm Payrolls -- first Friday of month, 08:30 America/New_York (standard release convention)"
2014-10-09,boe_mpc,"BoE Monetary Policy Committee scheduled rate decision -- announced 12:00 noon (2nd day of the meeting), verified against bankofengland.co.uk official press-release PDFs"
2014-10-29,fomc,"FOMC scheduled rate decision -- decision/statement day (2nd day of a 2-day meeting where applicable), 14:15 America/New_York; verified against federalreserve.gov/monetarypolicy/fomchistorical{year}.htm; unscheduled intermeeting conference calls excluded"
2014-11-06,boe_mpc,"BoE Monetary Policy Committee scheduled rate decision -- announced 12:00 noon (2nd day of the meeting), verified against bankofengland.co.uk official press-release PDFs"
2014-11-07,nfp,"US Non-Farm Payrolls -- first Friday of month, 08:30 America/New_York (standard release convention)"
2014-12-04,boe_mpc,"BoE Monetary Policy Committee scheduled rate decision -- announced 12:00 noon (2nd day of the meeting), verified against bankofengland.co.uk official press-release PDFs"
2014-12-05,nfp,"US Non-Farm Payrolls -- first Friday of month, 08:30 America/New_York (standard release convention)"
2014-12-17,fomc,"FOMC scheduled rate decision -- decision/statement day (2nd day of a 2-day meeting where applicable), 14:15 America/New_York; verified against federalreserve.gov/monetarypolicy/fomchistorical{year}.htm; unscheduled intermeeting conference calls excluded"
